site_id,lat,lon,pft
328163,38.09936,-121.50154,annual crop
26336,36.17114,-120.19718,woody perennial crop
565118,38.10958,-121.53613,annual crop
159849,36.94729,-120.10535,woody perennial crop
522375,32.81281,-115.44207,annual crop
534243,36.1778,-120.20411,woody perennial crop
205678,38.13153,-121.55174,annual crop
169473,36.23738,-119.92755,woody perennial crop
592578,38.13799,-121.51401,annual crop
557284,36.82778,-120.13963,woody perennial crop
413887,38.12346,-121.54982,annual crop
590334,36.35733,-119.09283,woody perennial crop
440393,39.57712,-121.86221,annual crop
16073,38.50244,-121.97646,woody perennial crop
420343,37.69949,-121.1391,annual crop
415399,33.96684,-117.34049,woody perennial crop
132390,39.59614,-122.0226,annual crop
514070,37.62903,-121.08781,woody perennial crop
52519,38.17441,-121.51733,annual crop
90,36.72266,-121.25348,woody perennial crop
248496,38.11573,-121.64507,annual crop
332581,38.27661,-121.22766,woody perennial crop
296871,38.54294,-121.87237,annual crop
488132,33.7738,-115.32678,woody perennial crop
589918,36.62289,-121.54925,annual crop
142350,38.13472,-121.62383,woody perennial crop
535358,39.68222,-122.0026,annual crop
321992,35.8788,-119.51656,woody perennial crop
589581,38.09222,-121.64036,annual crop
590073,38.10809,-121.65527,annual crop
437146,38.75169,-120.67468,woody perennial crop
14,35.98256,-119.16781,annual crop
96038,33.12785,-115.54385,woody perennial crop
155097,38.1542,-121.61398,annual crop
30934,33.69643,-114.58866,woody perennial crop
32528,33.48618,-116.13102,annual crop
469135,41.96147,-120.30404,woody perennial crop
357428,41.90001,-124.13959,annual crop
472163,34.34121,-119.30182,woody perennial crop
329357,35.14637,-118.82009,annual crop
152256,38.29046,-122.38996,woody perennial crop
89752,37.37847,-118.40035,annual crop
362135,36.91921,-120.60184,woody perennial crop
594379,36.94719,-121.8011,annual crop
429989,36.72355,-119.8642,woody perennial crop
102480,39.74194,-122.25899,annual crop
28809,36.26025,-119.70729,woody perennial crop
405184,33.56834,-114.6181,annual crop
330822,38.05391,-121.48873,woody perennial crop
15499,37.02377,-120.14611,annual crop
284301,36.90351,-120.48616,woody perennial crop
285241,38.27897,-122.33578,annual crop
244878,38.05085,-121.48882,woody perennial crop
405606,35.4088,-119.47618,annual crop
327124,35.06707,-119.30699,woody perennial crop
118038,40.01262,-122.12186,annual crop
597240,33.20952,-115.51989,woody perennial crop
299613,38.06203,-121.46995,annual crop
293793,39.32027,-121.9284,annual crop
144461,36.89782,-120.42527,woody perennial crop
153154,37.09871,-121.94973,annual crop
506467,33.62682,-116.20413,woody perennial crop
302976,32.74101,-114.59509,annual crop
453786,38.71969,-122.79846,woody perennial crop
336904,38.07339,-121.55144,annual crop
535040,41.79868,-122.03721,woody perennial crop
212287,35.28216,-118.94883,annual crop
549173,38.74698,-120.66111,woody perennial crop
107465,39.69923,-122.16946,annual crop
555182,39.90458,-122.15595,woody perennial crop
372700,33.5455,-116.14052,annual crop
313780,36.96793,-121.80891,woody perennial crop
309355,33.31083,-115.5841,annual crop
403505,36.17637,-119.82926,woody perennial crop
236386,38.79874,-120.81872,annual crop
14956,36.60424,-119.24576,woody perennial crop
219229,39.77745,-122.05005,annual crop
375119,39.53131,-122.30753,woody perennial crop
542872,37.88646,-121.30578,annual crop
250488,39.83968,-122.0364,woody perennial crop
417431,34.64269,-120.01665,annual crop
601779,34.03653,-116.93889,woody perennial crop
237955,40.51096,-124.01932,annual crop
424527,33.44177,-116.05899,woody perennial crop
354196,33.50676,-116.13356,annual crop
327540,39.15898,-121.48311,woody perennial crop
54800,38.35344,-121.70086,annual crop
24366,36.14068,-119.93673,woody perennial crop
276098,36.66514,-119.87397,annual crop
420047,33.20238,-117.17522,annual crop
257423,39.6726,-122.30763,woody perennial crop
338040,34.23752,-119.2297,annual crop
378874,35.27025,-118.80217,woody perennial crop
520659,38.86216,-121.63346,annual crop
41669,34.49026,-120.08807,woody perennial crop
436143,32.78821,-114.54959,annual crop
371139,34.47955,-119.29727,woody perennial crop
510456,36.91733,-120.57621,annual crop
24007,37.66695,-118.36616,woody perennial crop
462857,33.07424,-115.661,annual crop
367212,33.72103,-116.92052,woody perennial crop
475490,37.9958,-121.37536,annual crop
140153,38.3131,-121.6203,woody perennial crop
307992,41.95532,-121.56398,annual crop
539056,37.00321,-121.77391,woody perennial crop
460548,35.90453,-119.30605,annual crop
265450,35.48235,-119.15975,woody perennial crop
53476,32.78354,-114.60633,annual crop
17958,38.14656,-121.45404,woody perennial crop
160679,35.30021,-118.81288,annual crop
204911,35.48429,-120.85459,woody perennial crop
393224,38.02379,-121.50476,annual crop
203993,39.09839,-121.26947,woody perennial crop
163348,36.99657,-120.88467,annual crop
578811,38.49619,-122.53322,woody perennial crop
148510,38.87361,-121.37224,annual crop
165800,38.74803,-120.72014,woody perennial crop
36956,38.39514,-122.77771,annual crop
492817,39.33753,-121.05369,annual crop
241182,38.05088,-121.49316,woody perennial crop
30721,36.01286,-119.72834,annual crop
434539,38.6201,-122.36922,woody perennial crop
356553,38.90543,-121.92572,annual crop
378550,33.414,-117.19898,woody perennial crop
201018,36.69417,-119.82572,annual crop
515378,36.92841,-120.05898,woody perennial crop
399149,34.95232,-120.40579,annual crop
122211,34.12918,-119.09073,woody perennial crop
34170,37.2948,-122.38186,annual crop
476960,34.30056,-118.98375,woody perennial crop
169252,38.00456,-121.41726,annual crop
559174,33.52623,-116.17024,woody perennial crop
551011,37.23751,-122.35335,annual crop
200049,35.87148,-119.59572,woody perennial crop
44797,37.48986,-117.9147,annual crop
289885,37.82178,-121.49032,woody perennial crop
266967,35.97453,-119.00156,annual crop
414800,40.3688,-122.57899,woody perennial crop
196978,40.53719,-124.10913,annual crop
519983,38.38559,-122.8357,woody perennial crop
419348,38.61216,-122.75179,annual crop
94628,38.94344,-121.48582,woody perennial crop
255257,36.74164,-121.76832,annual crop
193307,33.55961,-116.03194,woody perennial crop
69523,39.00976,-122.83014,annual crop
357925,34.70087,-120.39356,woody perennial crop
564419,38.68013,-121.57921,annual crop
111538,39.34386,-123.1383,annual crop
390825,32.98013,-115.31303,woody perennial crop
469568,32.76077,-114.57158,annual crop
471846,38.04261,-121.55099,woody perennial crop
109643,39.00447,-123.36127,annual crop
507999,33.3735,-117.14274,woody perennial crop
498021,33.67761,-114.60019,annual crop
415517,32.79481,-114.54995,woody perennial crop
434948,40.2448,-124.16639,annual crop
530298,39.14826,-121.8417,woody perennial crop
561591,38.1448,-121.46027,annual crop
268822,32.78006,-114.62601,woody perennial crop
98878,33.28316,-117.06439,annual crop
258532,36.19562,-119.80132,woody perennial crop
146199,41.96247,-121.90913,annual crop
222167,36.56032,-121.55679,woody perennial crop
474091,34.88259,-119.50022,annual crop
247903,36.50598,-119.51621,woody perennial crop
72853,38.26676,-121.60966,annual crop
229531,36.57256,-120.18328,woody perennial crop
481822,32.96709,-115.47013,annual crop
12491,38.32779,-121.5823,woody perennial crop
553030,36.79353,-120.39011,annual crop
351825,35.71593,-117.84591,woody perennial crop
507390,34.88834,-120.39996,annual crop
70563,37.83743,-121.4117,woody perennial crop
395015,40.61704,-124.25744,annual crop
547243,36.65423,-120.66936,woody perennial crop
363369,39.49111,-122.27253,annual crop
156382,38.82491,-121.88322,annual crop
375020,38.75415,-120.74282,woody perennial crop
266220,34.70022,-119.3327,annual crop
2909,37.38824,-120.68897,woody perennial crop
128396,41.20381,-120.51514,annual crop
355359,38.20355,-121.62271,woody perennial crop
443743,37.95022,-121.43456,annual crop
6508,37.11223,-121.61057,woody perennial crop
205723,37.84527,-121.05495,annual crop
542780,33.69551,-116.14352,woody perennial crop
139419,32.80533,-114.55074,annual crop
43189,41.06325,-121.52638,woody perennial crop
279227,32.73865,-114.63889,annual crop
522848,35.06954,-120.46544,woody perennial crop
563405,33.11726,-115.60343,annual crop
537995,39.94725,-122.23236,woody perennial crop
545627,36.09308,-119.07216,annual crop
479147,38.18994,-121.59924,woody perennial crop
516486,38.42541,-121.58075,annual crop
47947,38.50377,-122.44722,woody perennial crop
263022,36.70879,-120.36513,annual crop
280926,40.45646,-122.23344,woody perennial crop
463049,38.26474,-121.62977,annual crop
271289,36.2434,-119.09273,woody perennial crop
158292,34.96542,-120.61137,annual crop
86997,33.2854,-117.12936,woody perennial crop
500367,38.44191,-121.69791,annual crop
231758,38.22498,-121.51607,woody perennial crop
548249,33.45043,-114.73201,annual crop
479624,35.35667,-120.78139,annual crop
552329,34.76492,-119.42963,woody perennial crop
35478,33.55314,-116.08809,annual crop
363861,39.04461,-122.94795,woody perennial crop
274733,38.57944,-121.87948,annual crop
69366,34.14601,-119.07383,woody perennial crop
422363,38.03752,-121.413,annual crop
199797,35.97833,-119.29114,woody perennial crop
201777,37.32595,-120.67926,annual crop
125182,38.92248,-121.11104,woody perennial crop
280252,33.46666,-116.08432,annual crop
520739,36.43316,-119.28446,woody perennial crop
130163,38.81764,-121.14811,annual crop
273580,36.87787,-120.6609,woody perennial crop
256915,35.08191,-119.25829,annual crop
239040,33.69406,-116.13179,woody perennial crop
70204,34.39409,-118.81267,annual crop
438864,37.15397,-120.07712,woody perennial crop
135821,38.13843,-121.35149,annual crop
479102,36.6108,-119.36357,woody perennial crop
337441,36.3923,-119.88495,annual crop
307934,36.9532,-121.78406,woody perennial crop
591789,36.74189,-121.72376,annual crop
274663,35.64978,-119.12697,woody perennial crop
410069,38.54753,-119.47023,annual crop
126090,34.38127,-119.43599,woody perennial crop
496966,36.44418,-119.98519,annual crop
404579,39.54398,-122.16802,woody perennial crop
217938,37.18028,-122.03171,annual crop
228674,38.64673,-122.43951,woody perennial crop
170735,33.57593,-116.19168,annual crop
221627,38.60477,-120.51538,annual crop
260919,39.93328,-122.1625,woody perennial crop
323387,32.79166,-114.58971,annual crop
99067,36.49546,-119.16862,woody perennial crop
114742,40.57116,-124.23981,annual crop
47221,36.93846,-120.00483,woody perennial crop
217330,36.80928,-119.50849,annual crop
584091,38.15628,-121.6191,woody perennial crop
9713,34.59254,-120.41052,annual crop
577662,36.40101,-119.11171,woody perennial crop
148353,39.72343,-122.19761,annual crop
567174,36.15042,-120.15201,woody perennial crop
249903,38.68937,-121.68968,annual crop
418565,35.69995,-119.94325,woody perennial crop
72767,38.45973,-121.79107,annual crop
139192,35.21192,-119.28045,woody perennial crop
536220,34.30493,-119.13533,annual crop
578661,39.32514,-121.23448,woody perennial crop
405347,36.7724,-119.61652,annual crop
92544,33.28508,-116.99653,woody perennial crop
362884,39.25114,-121.70769,annual crop
250144,34.95671,-120.38942,woody perennial crop
214506,34.88799,-120.47574,annual crop
419591,36.39082,-119.1149,woody perennial crop
326561,36.27263,-119.75217,annual crop
15462,39.2188,-123.1241,woody perennial crop
93404,38.47077,-121.4862,annual crop
402828,33.6612,-116.21466,woody perennial crop
22959,34.60748,-120.27622,annual crop
497652,39.32777,-121.54973,annual crop
13379,41.97776,-120.29649,woody perennial crop
241113,37.5553,-120.75407,annual crop
107828,38.79267,-121.44962,woody perennial crop
207251,36.82184,-121.70794,annual crop
518122,37.9078,-121.70385,woody perennial crop
569368,39.40057,-121.61306,annual crop
515881,33.3157,-116.94697,woody perennial crop
365047,33.50517,-114.65843,annual crop
77757,41.6621,-122.34724,woody perennial crop
272714,34.92463,-120.42634,annual crop
526385,36.45106,-119.98703,woody perennial crop
597863,38.53518,-119.46906,annual crop
330183,38.17869,-121.45994,woody perennial crop
373807,37.48839,-121.06303,annual crop
232205,38.32486,-121.526,woody perennial crop
81282,40.96757,-124.0829,annual crop
447694,33.45568,-117.30076,woody perennial crop
360278,33.59603,-114.61935,annual crop
473979,35.71957,-119.03174,woody perennial crop
28059,40.58927,-124.26077,annual crop
254039,38.05601,-121.47493,woody perennial crop
475068,36.92158,-120.57931,annual crop
70414,36.82806,-121.46573,woody perennial crop
97008,36.07062,-119.53938,annual crop
27727,35.11065,-118.83526,woody perennial crop
433739,34.14611,-118.90209,annual crop
68507,40.86721,-123.445,woody perennial crop
56350,32.73471,-115.69409,annual crop
582257,32.75493,-114.58088,annual crop
91020,36.26677,-119.74296,woody perennial crop
207169,38.0363,-121.53462,annual crop
499341,35.82909,-119.31987,woody perennial crop
142937,40.96561,-121.71771,annual crop
294453,36.87956,-121.70202,woody perennial crop
157962,34.01466,-117.09558,annual crop
340943,36.5712,-119.24024,woody perennial crop
342874,37.87822,-121.5232,annual crop
455904,38.87169,-123.02038,woody perennial crop
442523,38.14493,-121.57846,annual crop
414334,41.09375,-123.7034,woody perennial crop
136794,33.2091,-115.45206,annual crop
370137,33.62968,-116.08795,woody perennial crop
217655,33.51962,-117.03416,annual crop
361136,38.89161,-122.23556,woody perennial crop
26815,32.71975,-115.27507,annual crop
194535,33.59647,-116.24208,woody perennial crop
204773,35.98007,-119.45277,annual crop
164909,37.07088,-120.64968,woody perennial crop
357541,39.55478,-121.67302,annual crop
176152,36.32415,-119.16798,woody perennial crop
592028,40.58928,-124.26125,annual crop
552217,38.08295,-121.40018,woody perennial crop
167138,37.73912,-120.77735,annual crop
109209,36.93437,-120.37988,woody perennial crop
578396,40.37816,-122.19172,annual crop
335802,34.87938,-120.40272,woody perennial crop
113202,40.36421,-120.38652,annual crop
314743,33.62967,-116.1127,annual crop
36695,36.11905,-119.00134,woody perennial crop
118163,34.45832,-119.83211,annual crop
223881,38.45624,-121.57964,woody perennial crop
573522,37.49589,-121.13055,annual crop
143857,36.34807,-119.07507,woody perennial crop
114584,33.6537,-116.1675,annual crop
200345,38.09949,-121.46627,woody perennial crop
376156,37.19418,-122.02001,annual crop
383248,37.45461,-121.12677,woody perennial crop
18245,39.49489,-121.76109,annual crop
327547,38.42243,-122.82278,woody perennial crop
246402,41.215,-122.13838,annual crop
436185,33.58288,-116.11991,woody perennial crop
409119,36.89762,-121.78514,annual crop
113967,39.62406,-122.25563,woody perennial crop
158624,41.9835,-121.57726,annual crop
348066,40.13192,-122.20658,woody perennial crop
180491,33.13111,-115.59272,annual crop
405273,38.74411,-120.75575,woody perennial crop
379786,36.31982,-119.68612,annual crop
234374,35.62578,-120.61926,woody perennial crop
162857,40.49983,-122.55335,annual crop
11089,34.40316,-118.86,woody perennial crop
181403,37.44115,-121.04577,annual crop
413801,33.71138,-116.8592,woody perennial crop
6162,36.99316,-121.79592,annual crop
303538,36.90499,-119.99867,woody perennial crop
171220,41.94606,-122.33165,annual crop
458612,38.68646,-121.81579,annual crop
304241,38.28293,-121.57788,woody perennial crop
262439,36.61145,-120.2241,annual crop
184370,39.06475,-123.19695,woody perennial crop
280266,33.46775,-114.61884,annual crop
498960,36.88979,-121.68325,woody perennial crop
421048,36.43661,-119.93389,annual crop
487420,33.56608,-116.19959,woody perennial crop
384928,39.50401,-121.81259,annual crop
140194,37.40757,-121.14795,woody perennial crop
522189,37.99814,-121.60958,annual crop
211006,38.2416,-121.50158,woody perennial crop
419320,35.20762,-120.61985,annual crop
44417,32.81116,-114.55736,woody perennial crop
62679,37.99538,-121.45597,annual crop
518795,33.3163,-115.55113,woody perennial crop
213276,33.56945,-114.69411,annual crop
466853,38.69804,-122.8195,woody perennial crop
454799,41.57601,-122.87343,annual crop
206850,39.90599,-122.2617,woody perennial crop
549306,39.40143,-121.60725,annual crop
368183,36.4877,-119.54995,woody perennial crop
155817,35.85747,-119.09243,annual crop
579938,36.64134,-119.38587,woody perennial crop
435142,37.83632,-121.49113,annual crop
377471,37.30763,-120.64426,woody perennial crop
333523,36.38868,-120.15553,annual crop
42166,39.59516,-122.25709,woody perennial crop
400865,36.10345,-119.63006,annual crop
391945,38.74655,-120.72219,woody perennial crop
43456,32.71104,-115.67323,annual crop
72968,37.10082,-120.93533,annual crop
243387,33.48631,-117.26335,woody perennial crop
408021,32.77131,-114.80331,annual crop
760,35.44004,-119.32721,woody perennial crop
469607,34.77972,-120.40865,annual crop
318750,38.25731,-121.21399,woody perennial crop
493200,34.38081,-118.96213,annual crop
53198,36.06301,-119.09313,woody perennial crop
25707,37.78229,-121.13469,annual crop
163606,34.39457,-119.42198,woody perennial crop
410645,36.24602,-119.31103,annual crop
286932,36.86036,-120.09098,woody perennial crop
565840,34.53278,-120.34627,annual crop
405711,35.82222,-119.23579,woody perennial crop
595971,39.18903,-121.96592,annual crop
556273,34.83382,-116.65567,woody perennial crop
286518,34.86616,-120.35801,annual crop
359342,40.42054,-122.21539,woody perennial crop
277461,34.96745,-118.89957,annual crop
505989,34.62133,-120.01132,woody perennial crop
99995,39.33342,-121.67055,annual crop
347143,38.70941,-122.85851,woody perennial crop
39011,36.94866,-120.6381,annual crop
106716,36.96866,-121.79893,woody perennial crop
318783,38.44698,-121.538,annual crop
192564,33.17569,-115.85975,woody perennial crop
477002,38.34605,-119.46746,annual crop
17046,37.26036,-122.37929,woody perennial crop
205121,35.52145,-119.19089,annual crop
49188,36.57806,-120.13984,annual crop
562455,36.62645,-120.22098,woody perennial crop
7667,40.64377,-124.26755,annual crop
429829,34.21781,-118.97914,woody perennial crop
102009,38.23836,-122.79404,annual crop
19198,37.12113,-122.15607,woody perennial crop
41011,33.02252,-116.84832,annual crop
107015,38.11944,-121.42619,woody perennial crop
19261,33.56866,-116.2076,annual crop
235882,41.86211,-120.08066,woody perennial crop
223785,37.33413,-118.3837,annual crop
207582,35.61225,-120.87508,woody perennial crop
521204,39.16639,-122.98011,annual crop
41411,33.56398,-116.03409,woody perennial crop
255927,37.81668,-120.66818,annual crop
178029,35.9962,-120.91859,woody perennial crop
524150,33.30186,-116.36802,annual crop
589921,38.16071,-122.67767,woody perennial crop
266132,38.09546,-121.08321,annual crop
270755,33.68051,-116.22146,woody perennial crop
387508,36.76185,-121.63389,annual crop
495651,37.85143,-121.45554,woody perennial crop
89200,32.69144,-115.30494,annual crop
360310,34.23526,-118.96058,woody perennial crop
251948,37.01787,-121.64346,annual crop
275287,39.11151,-123.17097,woody perennial crop
223662,38.14125,-121.64551,annual crop
495976,38.76695,-122.14034,woody perennial crop
364650,32.82591,-115.72961,annual crop
147228,38.91106,-121.73415,annual crop
447752,36.64598,-119.49637,woody perennial crop
550006,33.56766,-116.02523,annual crop
165361,34.27509,-119.08317,woody perennial crop
81759,41.56209,-122.86197,annual crop
127250,36.66402,-119.84221,woody perennial crop
599547,38.15096,-121.60357,annual crop
271747,38.75684,-120.679,woody perennial crop
397180,40.18569,-120.3544,annual crop
111075,37.04019,-120.58648,woody perennial crop
115021,40.41532,-122.23149,annual crop
125228,35.98791,-119.1153,woody perennial crop
219683,39.77513,-122.25744,annual crop
133817,35.05618,-119.31247,woody perennial crop
223891,36.99489,-121.73365,annual crop
567080,38.63931,-121.71489,woody perennial crop
69792,38.33716,-121.51585,annual crop
199905,39.15879,-121.76069,woody perennial crop
215991,36.62323,-119.38305,annual crop
326568,36.54901,-119.31053,woody perennial crop
327277,32.75913,-114.63013,annual crop
313668,39.39649,-121.70382,woody perennial crop
137683,33.8267,-117.34672,annual crop
2633,35.41801,-119.24631,woody perennial crop
403898,38.27313,-121.57184,annual crop
367360,36.67479,-120.59796,woody perennial crop
211221,33.48647,-116.12826,annual crop
493365,34.45515,-119.21903,woody perennial crop
320819,33.57961,-114.58969,annual crop
269557,35.30249,-118.92261,annual crop
73900,36.49575,-119.23625,woody perennial crop
226443,32.78124,-114.60422,annual crop
543504,38.94246,-121.18782,woody perennial crop
121789,33.29426,-117.06585,annual crop
250086,41.79557,-122.03561,woody perennial crop
70470,37.9846,-121.55189,annual crop
311662,36.42571,-119.1879,woody perennial crop
255138,39.00593,-121.6514,annual crop
480403,34.77013,-120.36308,woody perennial crop
333265,33.80265,-117.03285,annual crop
509870,38.30915,-121.58141,woody perennial crop
257008,37.9745,-121.41,annual crop
289910,36.41548,-119.8059,woody perennial crop
444839,38.9972,-121.7498,annual crop
134608,36.12598,-120.13633,woody perennial crop
585357,38.04403,-121.53695,annual crop
481784,39.97264,-122.1588,woody perennial crop
41258,34.26981,-119.14709,annual crop
562083,36.84918,-120.52457,woody perennial crop
168762,38.91756,-121.23676,annual crop
307673,39.52753,-122.01976,woody perennial crop
139907,33.44242,-114.73262,annual crop
330199,36.39984,-119.1143,woody perennial crop
89228,33.64857,-114.60419,annual crop
86476,35.60742,-120.7245,woody perennial crop
355485,38.39621,-121.56335,annual crop
314633,36.97752,-121.7726,woody perennial crop
464507,36.92757,-120.58228,annual crop
24356,36.36481,-120.19846,annual crop
527390,35.29902,-120.42262,woody perennial crop
596488,34.66284,-120.53008,annual crop
281349,37.72991,-121.76428,woody perennial crop
143843,35.0607,-120.47768,annual crop
544692,36.91435,-120.0523,woody perennial crop
228257,40.2826,-124.25085,annual crop
420598,36.92834,-121.75133,woody perennial crop
350727,36.26807,-120.04092,annual crop
233974,35.25023,-119.05453,woody perennial crop
559171,41.96128,-121.43776,annual crop
581738,38.60077,-122.88444,woody perennial crop
158746,35.27437,-120.711,annual crop
273932,36.622,-119.52426,woody perennial crop
414485,41.81277,-122.0172,annual crop
513645,34.32268,-118.96179,woody perennial crop
310264,36.98245,-120.61013,annual crop
426181,38.80769,-121.62642,woody perennial crop
438819,37.93102,-121.01057,annual crop
319098,39.9556,-122.22459,woody perennial crop
120852,38.0892,-121.42196,annual crop
354570,36.42914,-119.7726,woody perennial crop
64470,38.62027,-122.37181,annual crop
388014,35.64828,-120.80865,woody perennial crop
97745,39.74526,-121.94542,annual crop
218814,38.70113,-122.83687,woody perennial crop
275760,38.19793,-121.50915,annual crop
245413,35.87147,-119.58689,woody perennial crop
86724,41.90397,-121.33877,annual crop
66468,34.3847,-118.83875,woody perennial crop
204302,38.09341,-121.53143,annual crop
444485,41.82441,-122.02069,annual crop
217299,34.04563,-117.13589,woody perennial crop
244672,36.95564,-121.81229,annual crop
551230,37.78252,-121.11372,woody perennial crop
491636,36.76049,-121.71598,annual crop
170584,38.77235,-122.97633,woody perennial crop
701,37.76404,-121.32411,annual crop
291573,39.85059,-122.2681,woody perennial crop
146095,41.98883,-120.29362,annual crop
78297,37.00977,-121.95496,woody perennial crop
415465,37.05445,-121.5756,annual crop
252737,34.67917,-120.37034,woody perennial crop
171608,36.5745,-119.29381,annual crop
137693,34.24328,-118.93553,woody perennial crop
266788,38.18481,-120.48638,annual crop
552703,38.87342,-123.11275,woody perennial crop
410284,36.62911,-120.46285,annual crop
10279,36.04126,-120.01718,woody perennial crop
428416,34.19448,-119.13587,annual crop
206311,35.8238,-120.37173,woody perennial crop
393904,36.84868,-119.94996,annual crop
120266,33.52117,-116.12051,woody perennial crop
334631,36.64499,-119.81199,annual crop
120409,35.46589,-119.12406,woody perennial crop
321919,33.57823,-114.56351,annual crop
74339,36.42752,-119.13045,woody perennial crop
80019,40.3751,-122.18407,annual crop
161135,34.62799,-120.32752,woody perennial crop
86315,38.77493,-121.87944,annual crop
456301,35.69424,-118.24644,annual crop
283043,38.75598,-120.85975,woody perennial crop
31278,39.4822,-122.23141,annual crop
255045,36.49834,-119.81135,woody perennial crop
548153,33.52815,-116.01673,annual crop
61781,35.23965,-118.99017,woody perennial crop
439903,38.62359,-121.70574,annual crop
400815,36.85726,-121.68082,woody perennial crop
442307,38.04699,-121.39767,annual crop
374122,38.08131,-121.48001,woody perennial crop
364933,41.52042,-120.14699,annual crop
220146,35.69499,-120.63303,woody perennial crop
178578,39.5046,-123.76745,annual crop
445963,35.78427,-119.14419,woody perennial crop
320099,37.46254,-120.81369,annual crop
163533,38.10378,-121.46026,woody perennial crop
144679,39.76296,-122.1802,annual crop
10803,38.27304,-121.12757,woody perennial crop
503927,36.20855,-119.41402,annual crop
206783,36.27891,-120.11923,woody perennial crop
307892,40.55603,-124.06163,annual crop
130800,38.05584,-121.4908,woody perennial crop
112229,33.45771,-114.7199,annual crop
515618,38.26997,-121.61143,woody perennial crop
79443,38.2264,-121.26163,annual crop
164887,35.27506,-120.71493,woody perennial crop
642,36.94409,-121.74722,annual crop
143872,39.14059,-121.55773,woody perennial crop
429885,39.95717,-120.04804,annual crop
133447,38.7959,-121.64783,annual crop
90097,34.38647,-119.45079,woody perennial crop
38102,33.69273,-114.57033,annual crop
303467,39.02359,-121.56472,woody perennial crop
243208,35.31937,-118.80393,annual crop
230066,38.75729,-120.69273,woody perennial crop
335509,36.92446,-120.60638,annual crop
584738,36.41369,-119.79963,woody perennial crop
510132,33.36226,-116.7552,annual crop
81199,33.16667,-115.8598,woody perennial crop
118252,40.6093,-121.87994,annual crop
454839,34.88004,-120.34383,woody perennial crop
415266,38.11816,-121.41799,annual crop
171738,33.59625,-116.23912,woody perennial crop
230310,41.56314,-122.91805,annual crop
506975,39.64729,-123.41883,woody perennial crop
340099,35.81068,-119.12993,annual crop
159379,39.03242,-121.58898,woody perennial crop
553006,41.91014,-124.18086,annual crop
116141,38.3686,-122.83928,woody perennial crop
569140,32.70588,-115.58248,annual crop
559914,35.79981,-119.15764,woody perennial crop
266954,40.42137,-123.93159,annual crop
99113,34.49094,-117.93691,woody perennial crop
416113,33.53194,-114.72478,annual crop
36999,33.67512,-116.21092,woody perennial crop
31786,36.86256,-120.50443,annual crop
451406,35.67939,-120.65204,woody perennial crop
152754,38.15339,-122.4244,annual crop
817,39.44474,-122.2712,annual crop
386905,38.98537,-122.65901,woody perennial crop
5782,33.66572,-116.13912,annual crop
153759,35.41803,-120.79601,woody perennial crop
332642,34.41922,-119.52418,annual crop
88648,38.34142,-121.48873,woody perennial crop
133428,40.33123,-120.32205,annual crop
307567,38.94085,-121.47581,woody perennial crop
508733,36.37544,-120.01744,annual crop
140405,35.45353,-120.41708,woody perennial crop
10628,32.79193,-116.67675,annual crop
292176,41.02323,-121.39266,woody perennial crop
472877,33.10771,-115.4216,annual crop
132999,39.63515,-121.71266,woody perennial crop
437631,41.06141,-123.69145,annual crop
67463,33.27308,-117.13329,woody perennial crop
188596,33.98638,-117.61873,annual crop
63057,33.6288,-116.08021,woody perennial crop
290553,33.64739,-116.13132,annual crop
172869,36.26636,-119.97011,woody perennial crop
2868,33.13402,-115.7991,annual crop
405630,32.81426,-114.56363,woody perennial crop
451169,35.80495,-120.34615,annual crop
454467,35.11048,-118.97434,woody perennial crop
13790,38.71219,-121.58504,annual crop
172771,34.1761,-119.04423,woody perennial crop
518947,40.37291,-122.27124,annual crop
58585,33.53896,-115.9727,woody perennial crop
561165,36.83512,-121.66283,annual crop
33304,35.96553,-119.01883,woody perennial crop
570863,37.04185,-120.71972,annual crop
73897,37.72156,-120.7812,annual crop
263570,36.97844,-121.73321,woody perennial crop
162071,35.22191,-118.80187,annual crop
558286,38.99369,-122.6148,woody perennial crop
280819,34.60862,-120.31135,annual crop
340589,37.08234,-120.18227,woody perennial crop
12665,41.91133,-124.1527,annual crop
33996,36.47953,-119.202,woody perennial crop
459471,35.87479,-119.61346,annual crop
201623,38.75004,-120.67836,woody perennial crop
182634,38.16244,-121.48031,annual crop
563798,39.38806,-121.67231,woody perennial crop
505123,36.98337,-121.74404,annual crop
117309,36.93532,-121.7617,woody perennial crop
73085,39.6691,-122.19022,annual crop
561403,36.56022,-119.41402,woody perennial crop
364356,36.7982,-120.63127,annual crop
18586,38.30007,-121.51504,woody perennial crop
303652,35.25109,-119.01986,annual crop
517897,38.44561,-122.43088,woody perennial crop
20332,33.53554,-116.02451,annual crop
122980,37.19074,-120.40785,woody perennial crop
219636,34.38017,-118.97959,annual crop
465301,39.34273,-123.13238,woody perennial crop
328468,34.55027,-119.83853,annual crop
369870,37.8032,-121.25472,woody perennial crop
408105,32.87429,-115.61771,annual crop
263711,38.93146,-121.86912,woody perennial crop
492692,33.17168,-115.50958,annual crop
83841,36.37935,-119.83209,annual crop
7369,39.26599,-123.23886,woody perennial crop
499133,37.33286,-120.84455,annual crop
309783,38.79678,-121.14372,woody perennial crop
5334,33.46845,-116.08413,annual crop
120795,38.51248,-122.47305,woody perennial crop
227294,36.65035,-120.32037,annual crop
2534,34.06736,-117.09785,woody perennial crop
53274,40.80336,-121.89442,annual crop
518464,33.21924,-116.99879,woody perennial crop
43620,35.23183,-118.99283,annual crop
235960,36.140860000000004,-120.31785,woody perennial crop
353550,36.54873,-120.39342,annual crop
373865,36.84718,-120.07634,woody perennial crop
397642,37.02835,-120.63292,annual crop
392686,38.52318,-122.54818,woody perennial crop
581550,40.34356,-122.36755,annual crop
431534,39.04638,-121.61901,woody perennial crop
103636,32.75058,-114.65587,annual crop
489526,33.53699,-115.94696,woody perennial crop
20531,33.57594,-116.19346,annual crop
526900,34.18284,-119.03367,woody perennial crop
503826,34.90138,-120.40198,annual crop
490482,36.3348,-119.18601,woody perennial crop
207691,38.20888,-121.69281,annual crop
517018,36.52675,-120.11851,woody perennial crop
551880,40.68222,-124.24257,annual crop
411388,39.19902,-121.92307,woody perennial crop
68062,40.0742,-122.17445,annual crop
195679,32.80148,-114.5897,annual crop
373931,39.16872,-121.50911,woody perennial crop
97530,34.609610000000004,-120.21221,annual crop
362991,38.73015,-122.54554,woody perennial crop
371684,32.69979,-115.38933,annual crop
73024,38.28163,-121.56538,woody perennial crop
251373,38.89715,-121.51264,annual crop
129108,33.59636,-116.10745,woody perennial crop
51874,32.72107,-115.42447,annual crop
81676,36.55803,-120.20238,woody perennial crop
94455,38.80522,-121.80024,annual crop
461079,39.09553,-121.63309,woody perennial crop
345268,35.87876,-119.5689,annual crop
225094,33.30833,-117.03807,woody perennial crop
491512,35.49947,-119.3211,annual crop
238776,34.63226,-120.26722,woody perennial crop
387381,37.43765,-118.57936,annual crop
295975,35.69253,-119.95896,woody perennial crop
557697,38.22403,-121.71933,annual crop
362856,37.83809,-121.53372,woody perennial crop
11454,36.88616,-121.7812,annual crop
529703,36.99659,-121.77902,woody perennial crop
369136,36.01319,-119.32598,annual crop
329118,33.51499,-116.13187,woody perennial crop
563171,35.31706,-118.78395,annual crop
322658,39.06828,-121.89397,woody perennial crop
82527,37.40127,-122.41145,annual crop
600573,36.44188,-121.30114,woody perennial crop
165372,38.13697,-121.33251,annual crop
365319,41.96327,-121.34721,annual crop
435358,38.45502,-122.78771,woody perennial crop
146262,37.46849,-117.87193,annual crop
434001,39.7205,-121.93514,woody perennial crop
111076,36.50795,-120.09459,annual crop
292613,37.48797,-120.54619,woody perennial crop
37812,32.71094,-115.55533,annual crop
118144,36.28348,-119.28541,woody perennial crop
129689,36.39761,-119.10875,annual crop
43649,36.34713,-121.28865,woody perennial crop
201832,40.00615,-122.11135,annual crop
129047,36.20987,-119.03425,woody perennial crop
85484,38.43605,-121.93599,annual crop
308915,35.21056,-118.77558,woody perennial crop
231340,40.40013,-122.18764,annual crop
348463,36.88941,-120.02179,woody perennial crop
112662,33.70814,-114.53611,annual crop
550187,38.41307,-122.1161,woody perennial crop
104404,38.84465,-121.62736,annual crop
450524,35.49468,-119.3357,woody perennial crop
261377,33.5558,-114.61561,annual crop
115438,39.13621,-123.66054,woody perennial crop
275588,36.92369,-120.3705,annual crop
446500,39.55364,-121.83706,woody perennial crop
593409,36.23198,-119.71038,annual crop
89192,33.62626,-116.10007,woody perennial crop
481824,40.94091,-121.64799,annual crop
182846,36.81895,-120.59355,woody perennial crop
122702,38.1138,-121.49031,annual crop
276509,38.86828,-121.47307,annual crop
89138,36.54842,-119.99196,woody perennial crop
224501,36.25836,-119.20512,annual crop
502502,39.75168,-122.17,woody perennial crop
432396,38.36057,-122.65738,annual crop
588211,33.7165,-116.90058,woody perennial crop
552326,33.62211,-116.14007,annual crop
567854,36.29486,-120.1893,woody perennial crop
72184,36.88895,-121.6376,annual crop
186976,33.60332,-114.68202,woody perennial crop
27674,38.8115,-121.40722,annual crop
99186,36.33287,-119.14975,woody perennial crop
352964,32.93152,-115.65592,annual crop
127118,39.6735,-122.2231,woody perennial crop
363893,36.96787,-120.40774,annual crop
15445,33.46769,-117.27893,woody perennial crop
311817,34.40901,-118.65641,annual crop
431760,36.70164,-119.84852,woody perennial crop
20192,39.71704,-121.86065,annual crop
186951,38.328360000000004,-121.6234,woody perennial crop
125942,37.95684,-121.39241,annual crop
579196,38.28612,-121.14892,woody perennial crop
542801,39.21215,-121.46447,annual crop
156323,38.3435,-121.46878,woody perennial crop
396700,34.76794,-120.41988,annual crop
138312,35.83807,-119.87505,woody perennial crop
140258,36.98539,-121.79288,annual crop
271325,36.44808,-119.091,woody perennial crop
19651,41.76223,-122.53799,annual crop
561674,35.03722,-119.07595,woody perennial crop
482667,36.35139,-121.24033,annual crop
309370,35.4687,-119.5804,annual crop
209082,38.77032,-120.57463,woody perennial crop
73094,34.85742,-120.26919,annual crop
547230,32.59054,-116.51220000000001,woody perennial crop
509460,35.41498,-119.21417,annual crop
74841,38.91789,-121.3633,woody perennial crop
212928,38.44533,-121.86732,annual crop
329510,34.78831,-120.309,woody perennial crop
342431,36.8955,-120.57419,annual crop
75481,37.0014,-120.61015,woody perennial crop
96964,40.35939,-120.41178,annual crop
360519,34.90797,-116.57894,woody perennial crop
92547,37.6916,-121.2507,annual crop
371038,36.95244,-121.78867,woody perennial crop
50473,38.77456,-121.41618,annual crop
426005,38.5261,-120.82221,woody perennial crop
292467,32.87392,-115.46362,annual crop
391777,36.80742,-119.98003,woody perennial crop
402560,40.73353,-124.18146,annual crop
549947,38.25128,-122.46468,woody perennial crop
80974,36.48289,-119.74256,annual crop
42466,35.51698,-119.61953,woody perennial crop
350964,36.57249,-119.44691,annual crop
485799,35.92156,-118.97242,woody perennial crop
33000,36.1765,-120.33247,annual crop
512473,34.39802,-119.49563,woody perennial crop
589579,38.27266,-119.2561,annual crop
130284,34.46057,-119.83469,woody perennial crop
134786,35.26172,-119.0816,annual crop
478228,39.76993,-122.2449,annual crop
20716,37.86097,-121.43382,woody perennial crop
57431,36.51199,-121.04596,annual crop
346415,35.60909,-120.75089,woody perennial crop
505987,36.58012,-119.79158,annual crop
562338,38.51164,-120.75795,woody perennial crop
414695,38.90144,-121.56302,annual crop
439308,34.67333,-118.05432,woody perennial crop
242326,38.29396,-121.51343,annual crop
534778,35.66005,-120.49297,woody perennial crop
141908,36.83491,-121.66608,annual crop
602533,38.77013,-120.86643,woody perennial crop
331902,37.86889,-121.36758,annual crop
436622,36.93644,-120.58453,woody perennial crop
160506,33.45248,-116.06456,annual crop
495228,36.8959,-121.38509,woody perennial crop
369978,36.97364,-119.74198,annual crop
509934,40.59931,-122.42171,woody perennial crop
159944,35.76465,-119.52381,annual crop
123964,41.18458,-120.97578,woody perennial crop
123001,33.44902,-116.06678,annual crop
209072,33.17571,-115.86407,woody perennial crop
16395,39.79571,-122.16563,annual crop
289043,34.35676,-119.08529,woody perennial crop
226465,40.19594,-122.1795,annual crop
464867,39.68857,-121.79569,woody perennial crop
20772,40.46081,-120.61196,annual crop
192976,34.42074,-119.52092,woody perennial crop
104422,33.45027,-114.73821,annual crop
232169,36.6964,-119.80096,annual crop
41693,36.03164,-118.97264,woody perennial crop
537223,33.70819,-114.50869,annual crop
441642,33.70558,-116.14729,woody perennial crop
236719,33.6479,-116.17805,annual crop
1944,33.14517,-117.26792,woody perennial crop
11235,34.95147,-120.61226,annual crop
327444,38.21229,-121.20686,woody perennial crop
582926,34.24769,-119.21817,annual crop
320061,38.7064,-122.07034,woody perennial crop
142750,39.72322,-122.2035,annual crop
482604,38.46826,-122.82019,woody perennial crop
156363,36.98669,-120.09542,annual crop
350201,38.08551,-121.44552,woody perennial crop
421404,39.78913,-122.15397,annual crop
112667,36.54843,-119.19486,woody perennial crop
141640,37.9507,-121.42891,annual crop
365753,36.4474,-119.8277,woody perennial crop
132924,38.33964,-121.36282,annual crop
566521,36.54194,-119.21149,woody perennial crop
115953,39.79837,-122.16382,annual crop
21868,35.65443,-120.89825,woody perennial crop
237387,35.29795,-118.81691,annual crop
185906,38.30403,-121.59859,woody perennial crop
20952,38.05714,-122.70233,annual crop
167124,35.42394,-118.8146,woody perennial crop
238136,41.0641,-121.4793,annual crop
330825,38.24375,-121.52147,woody perennial crop
336459,32.76962,-114.62166,annual crop
97471,39.07603,-123.45912,annual crop
16209,37.07208,-120.43948,woody perennial crop
445926,32.77892,-114.56097,annual crop
123992,36.69825,-120.3966,woody perennial crop
212627,36.62483,-120.24141,annual crop
206146,34.3205,-118.88543,woody perennial crop
103819,34.58308,-120.1035,annual crop
42796,37.07574,-120.63915,woody perennial crop
596269,33.63454,-116.19489,annual crop
466177,33.47426,-117.17242,woody perennial crop
283414,35.08677,-118.82533,annual crop
174007,36.79872,-119.94999,woody perennial crop
165090,36.81593,-121.71956,annual crop
79721,38.80377,-122.03213,woody perennial crop
175490,36.31994,-119.93498,annual crop
266738,34.89327,-120.35395,woody perennial crop
79246,38.87646,-121.45526,annual crop
601049,39.45291,-122.28165,woody perennial crop
112326,33.85022,-117.04869,annual crop
280942,35.22215,-119.27268,woody perennial crop
289681,35.84718,-119.16683,annual crop
386989,37.00928,-121.79323,woody perennial crop
146225,32.94042,-115.63442,annual crop
242834,39.01279,-122.86897,woody perennial crop
21203,41.42147,-122.79464,annual crop
53113,39.67036,-122.18793,woody perennial crop
198913,35.32578,-120.74074,annual crop
583504,38.88388,-121.462,woody perennial crop
107464,36.86589,-121.67063,annual crop
28153,37.02011,-120.29013,annual crop
375085,33.54017,-117.0339,woody perennial crop
325697,33.32078,-115.57632,annual crop
171033,37.20871,-120.17957,woody perennial crop
499385,41.84503,-121.54151,annual crop
11155,39.8906,-122.10989,woody perennial crop
288411,32.81655,-115.3521,annual crop
465908,34.24638,-119.23641,woody perennial crop
463637,38.13377,-121.66797,annual crop
220795,35.61728,-120.35314,woody perennial crop
161212,38.06927,-121.58665,annual crop
498215,36.05196,-119.13246,woody perennial crop
569366,39.40076,-121.61406,annual crop
60543,39.38588,-121.67729,woody perennial crop
285663,32.84062,-115.72154,annual crop
176917,34.41727,-118.94264,woody perennial crop
292442,36.01129,-119.25718,annual crop
350921,38.20991,-121.61463,woody perennial crop
87296,38.01092,-121.44715,annual crop
422442,36.57032,-120.4924,woody perennial crop
527403,36.25495,-119.11291,annual crop
385864,34.42965,-119.1862,woody perennial crop
54899,38.25747,-121.16795,annual crop
601919,38.74685,-120.68722,woody perennial crop
83472,41.455,-120.59387,annual crop
278840,33.44452,-116.85792,woody perennial crop
560257,38.2963,-121.24206,annual crop
10681,39.8818,-122.13683,woody perennial crop
576436,36.89289,-121.35281,annual crop
600563,33.30948,-117.02794,woody perennial crop
14321,41.03887,-121.37722,annual crop
126423,36.33457,-119.14768,annual crop
113424,36.46194,-119.42314,woody perennial crop
314695,34.18176,-119.04055,annual crop
504300,36.28157,-119.16915,woody perennial crop
257805,38.82798,-121.71927,annual crop
464731,33.51943,-116.14641,woody perennial crop
497826,36.27695,-119.76733,annual crop
316635,36.72392,-120.70647,woody perennial crop
442557,38.3371,-121.28028,annual crop
53538,35.35811,-118.8387,woody perennial crop
186100,37.18778,-122.04214,annual crop
411607,35.25746,-119.06647,woody perennial crop
146015,38.26733,-122.91939,annual crop
70692,34.03308,-116.93707,woody perennial crop
62645,38.82659,-121.6599,annual crop
575831,38.21483,-122.46541,woody perennial crop
284054,34.93415,-118.29071,annual crop
278989,33.62492,-116.19955,woody perennial crop
305969,33.52912,-114.668,annual crop
125912,39.83966,-122.04061,woody perennial crop
152582,33.74613,-118.04901,annual crop
379260,35.81772,-119.05501,woody perennial crop
516165,38.89591,-121.23568,annual crop
433327,37.97836,-121.43097,woody perennial crop
393129,34.19327,-119.14928,annual crop
481242,36.55634,-119.48211,woody perennial crop
467,33.07692,-115.6968,annual crop
67207,34.03251,-118.067,woody perennial crop
56814,33.53538,-116.14975,annual crop
227535,41.7734,-120.17874,annual crop
59953,39.05625,-121.86478,woody perennial crop
302920,33.83048,-117.01924,annual crop
385995,36.89384,-119.84619000000001,woody perennial crop
275216,40.41044,-120.44863,annual crop
245564,34.67081,-120.33338,woody perennial crop
290316,36.42504,-121.38641,annual crop
405349,36.12868,-119.18184,woody perennial crop
1413,34.40541,-118.83638,annual crop
222888,35.48988,-120.85172,woody perennial crop
97090,38.90876,-121.81386,annual crop
522162,36.38953,-119.24837,woody perennial crop
73990,41.86591,-121.37614,annual crop
424468,36.61008,-120.04987,woody perennial crop
400213,35.32703,-118.9432,annual crop
416988,36.34578,-119.19014,woody perennial crop
277872,36.34202,-120.11747,annual crop
471137,36.64161,-119.4205,woody perennial crop
65808,36.7073,-119.86303,annual crop
545329,36.50015,-119.79258,woody perennial crop
122879,38.40588,-121.60119,annual crop
325871,36.95151,-121.77678,woody perennial crop
319454,37.5769,-120.84541,annual crop
268923,38.30068,-122.51201,woody perennial crop
377910,40.94351,-123.62011,annual crop
418926,38.14669,-121.44019,woody perennial crop
122139,36.8865,-120.66107,annual crop
430158,36.43596,-119.63738,woody perennial crop
86688,32.75367,-114.61495,annual crop
